Zet Same Hity	https://zt.cdn.eurozet.pl/ZETHIT.mp3	0
Polskie Radio Jedynka	http://stream3.polskieradio.pl:8900/;	0	
Polskie Radio Dwójka	http://mp3.polskieradio.pl:8902/;	0	
Polskie Radio Trójka	http://mp3.polskieradio.pl:8954/;	0	
Polskie Radio Czwórka	http://mp3.polskieradio.pl:8906/;	0	
RMF FM	https://rs6-krk2.rmfstream.pl/rmf_fm	0	
Radio ZET	https://zt01.cdn.eurozet.pl/zet-net.mp3?redirected=01	0	
Radio Plus	https://waw.ic.smcdn.pl/4070-1.mp3	0	
Radio Złote Przeboje	https://radiostream.pl/tuba8914-1.mp3	0	
Radio ESKA	https://waw.ic.smcdn.pl/2070-1.mp3	0	
Radio Kraków	https://stream3.nadaje.com:9117/radiokrakow	0	
Radio Vox FM	https://waw.ic.smcdn.pl/3990-1.mp3	0	
RMF Classic	https://rs203-krk.rmfstream.pl/rmf_classic	0	
Antyradio	https://an02.cdn.eurozet.pl/ant-web.mp3	0	
Radio ESKA 2	https://waw.ic.smcdn.pl/1070-1.mp3	0	
Meloradio FM	https://ml.cdn.eurozet.pl/mel-net.mp3	0	
Radio Wnet	http://audio.radiownet.pl:8000/stream	0	
Radio Maryja	https://radiomaryja.fastcast4u.com/proxy/radiomaryja?mp=/1	0	
Polskie Radio Chopin	http://stream3.polskieradio.pl:8910/;	0	
Polskie Radio 24	http://mp3.polskieradio.pl:8080/;	0	
Polskie Radio Kierowców	http://stream3.polskieradio.pl:8918/;	0	
RMF - Maxxx	https://rs103-krk.rmfstream.pl/rmf_maxxx	0	
Radio Tok FM	https://radiostream.pl/tuba10-1.mp3	0	
Radio Pogoda	https://radiostream.pl/tuba139-1.mp3	0	
Radio 357	https://n-11-26.dcs.redcdn.pl/sc/o2/radio357/live/radio357_pr.livx?preroll=0	0	
Radio Nowy Świat	https://stream.rcs.revma.com/ypqt40u0x1zuv	0	
Rock Radio Polska	https://radiostream.pl/tuba9000-1.mp3	0	
RMF - 50s	https://rs101-krk.rmfstream.pl/50S	0	
RMF - 70s	http://195.150.20.5:8000/rmf_70s	0	
RMF - 70s Disco	https://rs102-krk.rmfstream.pl/rmf_70s_disco	0	
RMF - 80s	https://rs9-krk2-cyfronet.rmfstream.pl/80S	0	
RMF - 80s Disco	https://rs202-krk-cyfronet.rmfstream.pl/rmf_80s_disco	0	
RMF - 90s	http://31.192.216.5:8000/rmf_90s	0	
RMF - 90s Dance	https://rs6-krk2.rmfstream.pl/rmf_90s_dance	0	
RMF - 2000s	https://rs6-krk2.rmfstream.pl/rmf_2000	0	
RMF - 2010s	https://rs6-krk2.rmfstream.pl/rmf_2010	0	
RMF - 35 LAT	http://rmfstream2.interia.pl:8000/rmf_20lat	0	
RMF - Ballady	https://rs101-krk-cyfronet.rmfstream.pl/rmf_nostalgia	0	
RMF - Beatle Mania	http://217.74.72.10:8000/rmf_beatlemania	0	
RMF - Chillout	https://rs102-krk-cyfronet.rmfstream.pl/rmf_chillout	0	
RMF - Dance	https://rs6-krk2.rmfstream.pl/rmf_dance	0	
RMF - Dance RnB	https://rs6-krk2.rmfstream.pl/rmf_4	0	
RMF - Fitness	http://195.150.20.242:8000/rmf_fitness	0	
RMF - Fitness Rock	https://rs6-krk2.rmfstream.pl/rmf_fitness_rock	0	
RMF - Francais	https://rs102-krk-cyfronet.rmfstream.pl/rmf_francais	0	
RMF - Vibe	https://rs101-krk-cyfronet.rmfstream.pl/rmf_funk	0	
RMF - Game Music	https://rs6-krk2.rmfstream.pl/rmf_gamemusic	0	
RMF - Gold	https://rs201-krk-cyfronet.rmfstream.pl/rmf_gold	0	
RMF - Grunge	https://rs6-krk2.rmfstream.pl/rmf_grunge	0	
RMF - Hard And Heavy	http://rmfstream2.interia.pl:8000/rmf_hard_heavy	0	
RMF - Hip Hop	http://rmfstream1.interia.pl:8000/rmf_hip_hop	0	
RMF - Hot New	http://rmfstream2.interia.pl:8000/rmf_hot_new	0	
RMF - Kolędy	http://195.150.20.5:8000/rmf_koledy	0	
RMF - Latino	https://rs101-krk-cyfronet.rmfstream.pl/rmf_latino	0	
RMF - Love	https://rs6-krk2.rmfstream.pl/rmf_love	0	
RMF - Muzyka Klasyczna	https://rs6-krk2.rmfstream.pl/rmf_muzyka_klasyczna	0	
RMF - Niezapomniane Przeboje	https://rs9-krk2-cyfronet.rmfstream.pl/NIEZAPOMNIANEMELODIE	0	
RMF - Party	https://rs201-krk-cyfronet.rmfstream.pl/rmf_party	0	
RMF - Piosenka Filmowa	https://rs103-krk-cyfronet.rmfstream.pl/rmf_piosenka_filmowa	0	
RMF - Piosenka Literacka	https://rs101-krk.rmfstream.pl/rmf_piosenka_literacka	0	
RMF - Polska Prywatka	https://rs203-krk-cyfronet.rmfstream.pl/rmf_polska_prywatka	0	
RMF - Polski Rock	https://rs6-krk2.rmfstream.pl/rmf_polski_rock	0	
RMF - Polskie Przeboje	http://rmfstream1.interia.pl:8000/rmf_polskie_przeboje	0	
RMF - PRL	https://rs6-krk2.rmfstream.pl/rmf_prl	0	
RMF - Relaks	https://rs203-krk.rmfstream.pl/rmf_relaks	0	
RMF - Smooth Jazz	https://rs203-krk.rmfstream.pl/rmf_smooth_jazz	0	
RMF - Szanty	https://rs101-krk-cyfronet.rmfstream.pl/rmf_szanty	0	
RMF - W Pracy	https://rs6-krk2.rmfstream.pl/rmf_w_pracy	0	
RMF - Cuba	http://rmfstream2.interia.pl:8000/rmf_cuba	0	
ESKA - Do Pracy	https://ic2.smcdn.pl/6140-1.mp3	0	
ESKA - Impreska	https://waw.ic.smcdn.pl/6030-1.mp3	0	
ESKA - Rap 20	https://waw.ic.smcdn.pl/6190-1.mp3	0	
ESKA 2 - Kultowe Polskie	https://waw.ic.smcdn.pl/6040-1.mp3	0	
ESKA Rock	https://waw.ic.smcdn.pl/5380-1.mp3	0	
ESKA Rock - Klasyka Rocka	https://waw.ic.smcdn.pl/6070-1.mp3	0	
ESKA Rock - Rock Ballads	https://waw.ic.smcdn.pl/6010-1.mp3	0	
ESKA Rock - Teraz Polski Rock	https://waw.ic.smcdn.pl/6090-1.mp3	0	
ESKA - Hity na Czasie	https://waw.ic.smcdn.pl/2980-1.mp3	0	
Antyradio - Classic Rock	https://n-4-2.dcs.redcdn.pl/sc/o2/Eurozet/live/antyradio.livx?audio=5	0	
Antyradio - Covers	https://an03.cdn.eurozet.pl/ANTCOV.mp3	0	
Antyradio - Greatest	https://an03.cdn.eurozet.pl/ANTGRE.mp3	0	
Antyradio - Made in Poland	https://an03.cdn.eurozet.pl/ANTPOL.mp3	0	
Antyradio - Makak	https://an03.cdn.eurozet.pl/ANTMAK.mp3	0	
Antyradio - Unplugged	https://an03.cdn.eurozet.pl/ANTUNP.mp3	0	
Antyradio - Ballads	https://an01.cdn.eurozet.pl/ANTBAL.mp3	0	
Antyradio - Hard	https://an05.cdn.eurozet.pl/ANTHAR.mp3	0	
Radio dla Ciebie - RDC	https://stream2.nadaje.com:11141/rdc	0	
Muzyczne Radio	https://stream.rcs.revma.com/umvz3dg5072vv	0	
Polskie Radio PiK	http://stream1.radiopik.pl:9004/;	0	
Radio e M	http://sn500.wiara.pl:8000/;	0	
Radio Rodzina	https://sluchaj.radiorodzina.pl/RadioRodzinaWroclawLIVE.mp3	0	
Radio Victoria	http://stream.v4.radiovictoria.pl:8176/;	0	
Bezpieczna Podróż	https://ssl-1.radiohost.pl:9162/;	0	
Wasze Radio FM	https://sluchaj.link:5443/wasze	0	
Radio Rekord	https://stream4.nadaje.com:8309/ostrowiec	0	
Radio Mega	https://stream.rcs.revma.com/q18ty3qhwzzuv	0	
Radio Disco	https://stream.rcs.revma.com/cvswvmyewzzuv	0	
Radio Nuta	https://stream.rcs.revma.com/0004tehdxzzuv	0	
Weekend FM	https://stream.weekendfm.pl/weekendfm_najlepsza	0	
Radio Jard	http://online.jard.pl:8744/jard1	30	
Radio Centrum	http://shot4.inten.pl:8888/rcfm.mp3	0	
Radio Fara	http://62.133.128.22:8000/;	0	
Twoje Radio	http://65.ip-51-77-59.eu:8100/stream.mp3	0	
Radio Parada	https://stream4.nadaje.com:15275/live	0	
Radio 7	https://stream.radio7.pl:443/radio7.mp3	0	
Radio Park FM	https://sluchaj2.radiopark.biz.pl:8443/tpsapp	0	
Radio Vanessa	https://s1.slotex.pl:7358/;	0	
Radio Imperium	https://stream.radioimperium.pl:8443/stream	0	
Trendy Radio	http://stream.trendyradio.pl:8000/h	0	
Radio 90	https://srv1.streamradiowy.eu/radio90	0	
Radio Fest	https://play.radiofest.pl:8443/fest	0	
Radio Leliwa	https://streaming.g-news.pl/radio/8050/leliwa	0	
Nasze Radio	https://online.nasze.fm:8443/stream	0	
Radio Warta	https://s1.slotex.pl:7446/;	0	
Radio Ram	https://stream2.prw.pl:8001/radioram	0	
Radio Express	https://www.radioexpress.pl/stream1	0	
Radio Kolor FM	https://stream.rcs.revma.com/zbq79057xd3vv	0	
Folk Radio	https://streaming.g-news.pl:8030/fr1	0	
MC Radio	https://stream4.nadaje.com:8625/mcradio	0	
Radio Gra	https://rs103-krk-cyfronet.rmfstream.pl/radio_gra	0	
Radio Fama	https://stream4.nadaje.com:13771	0	
Super FM	http://stream.super.fm:8000/superfm.mp3	0	
Radio Norda FM	http://94.177.253.77:8001/relay_mp3_128	0	
Twoja Polska Stacja	https://sluchaj2.radiopark.biz.pl:8443/twojapolskastacja	0	
Pop Radio	https://sluchaj.link:5443/popradio	0	
Radio Bon Ton	http://streaming.inten.pl:8022/bonton.mp3	0	
Radio Alex	https://srv0.streamradiowy.eu/radioalex?1797150692	0	
Radio Jura	http://streams.radio90.pl:8000/jura_128kbps_stereo.mp3	0	
Radio Strefa FM	https://play.strefa.fm:8443/strefa.mp3	0	
Radio Anioł Beskidów	http://media.aniolbeskidow.pl:22000/aniolbeskidow	0	
Radio Hit	http://oxr85.internetdsl.tpnet.pl:8000/;	0	
Radio Oko	http://stream3.nadaje.com:8028/radiooko	0	
Radio RDN	https://stream1.dabcom.pl/rdn_mpl	0	
Radio Bayer FM	https://streaming.radio5.com.pl:8888/bayerfm	0	
Akademickie Radio LUZ	http://radioluz.pwr.edu.pl:8000/luzhifi.mp3	0	
Radio ONY	https://stream.rcs.revma.com/yxv344rra2zuv	0	
Radio Italo4You	https://ssl-1.radiohost.pl:8018/stream	0	
Radio Afera	https://radio.afera.com.pl/afera128.mp3	0	
Radio Jutrzenka	http://stream4.nadaje.com:12854/test	0	
